csv,label,k,schedule,proof_bytes,prove_s,verify_ms,prove_elems_per_s,delta_size_pct_vs_paper,delta_prove_pct_vs_paper,delta_verify_pct_vs_paper,delta_throughput_pct_vs_paper
csv,2power16,16,[2,2,2,2,2,2,2,2,2,2,2,2,2,2,2,2],814936,0.489295,4.380,133939.659084,0.00,0.00,0.00,0.00
csv,2power16,17,[2,2,2,2,2,2,2,2,2,2,2,2,2,2,2,2,2],920112,0.985336,4.652,133022.649722,0.00,0.00,0.00,0.00
csv,2power16,18,[2,2,2,2,2,2,2,2,2,2,2,2,2,2,2,2,4],970224,1.983157,4.995,132185.214305,0.00,0.00,0.00,0.00
csv,2power16,19,[2,2,2,2,2,2,2,2,2,2,2,2,2,2,2,2,8],1025904,4.001109,5.196,131035.666267,0.00,0.00,0.00,0.00
csv,2power16,20,[2,2,2,2,2,2,2,2,2,2,2,2,2,2,2,2,16],1092720,8.095244,5.476,129529.886662,0.00,0.00,0.00,0.00
csv,2power16,21,[2,2,2,2,2,2,2,2,2,2,2,2,2,2,2,2,32],1223568,16.454639,5.868,127450.505825,0.00,0.00,0.00,0.00
