csv,label,k,schedule,proof_bytes,prove_s,verify_ms,prove_elems_per_s,delta_size_pct_vs_paper,delta_prove_pct_vs_paper,delta_verify_pct_vs_paper,delta_throughput_pct_vs_paper
csv,2power16,16,[2,2,2,2,2,2,2,2,2,2,2,2,2,2,2,2],814936,0.345353,4.246,189765.506894,0.00,0.00,0.00,0.00
csv,2power16,17,[2,2,2,2,2,2,2,2,2,2,2,2,2,2,2,2,2],920112,0.684738,4.565,191419.211493,0.00,0.00,0.00,0.00
csv,2power16,18,[2,2,2,2,2,2,2,2,2,2,2,2,2,2,2,2,4],970224,1.389518,4.794,188658.168753,0.00,0.00,0.00,0.00
csv,2power16,19,[2,2,2,2,2,2,2,2,2,2,2,2,2,2,2,2,8],1025904,2.772580,5.195,189097.542058,0.00,0.00,0.00,0.00
csv,2power16,20,[2,2,2,2,2,2,2,2,2,2,2,2,2,2,2,2,16],1092720,5.629329,5.387,186270.163124,0.00,0.00,0.00,0.00
csv,2power16,21,[2,2,2,2,2,2,2,2,2,2,2,2,2,2,2,2,32],1223568,11.343554,5.801,184876.106063,0.00,0.00,0.00,0.00
